{
  "fieldSets": [
      {
          "fields": [
              {
                  "name": "channelId",
                  "label": "Channel ID",
                  "description": "button-text",
                  "type": "text",
                  "typeOptions": {
                      "placeholder": "Placeholder"
                  },
                  "dataType": "string",
                  "defaultValue": "43434"
              },
            {
                  "name": "currencyCode",
                  "label": "Currency Code",
                  "description": "button-text",
                  "type": "text",
                  "typeOptions": {
                      "placeholder": "Placeholder"
                  },
                  "dataType": "string",
                  "defaultValue": "SAR"
              }
              
          ]
      }
  ]
}